scenario,mode,kind,iteration,seconds,status
sqlite,before,cold,1,8.768295999994734,0
sqlite,after,cold,1,8.742991457998869,0
sqlite,after,cold,2,8.113143291004235,0
sqlite,before,cold,2,8.145066875003977,0
sqlite,before,cold,3,8.117756916995859,0
sqlite,after,cold,3,8.132485417008866,0
sqlite,before,edit,1,0.4694370419892948,0
sqlite,after,edit,1,0.4703281660040375,0
sqlite,after,edit,2,0.4606556670041755,0
sqlite,before,edit,2,0.451210874991375,0
sqlite,before,edit,3,0.44873404200188816,0
sqlite,after,edit,3,0.44869233400095254,0
postgres,before,cold,1,9.953721124998992,0
postgres,after,cold,1,9.567265334000695,0
postgres,after,cold,2,8.934482833996299,0
postgres,before,cold,2,9.277926333001233,0
postgres,before,cold,3,9.313246749996324,0
postgres,after,cold,3,9.062813249998726,0
postgres,before,edit,1,0.5010224580037175,0
postgres,after,edit,1,0.47778858299716376,0
postgres,after,edit,2,0.47691954199399333,0
postgres,before,edit,2,0.521647125002346,0
postgres,before,edit,3,0.5096158750093309,0
postgres,after,edit,3,0.4786004580091685,0
local-tests,before,cold,1,24.874033874992165,0
local-tests,after,cold,1,10.913991082998109,0
local-tests,after,cold,2,10.246411875006743,0
local-tests,before,cold,2,23.39491000000271,0
local-tests,before,cold,3,23.477930958004436,0
local-tests,after,cold,3,10.165492457992514,0
local-tests,before,edit,1,2.1421314170002006,0
local-tests,after,edit,1,2.0372474159958074,0
local-tests,after,edit,2,2.2318340000056196,0
local-tests,before,edit,2,2.276449875003891,0
local-tests,before,edit,3,2.2713211249938468,0
local-tests,after,edit,3,2.2088387090043398,0
helpdesk,before,cold,1,12.460748124998645,0
helpdesk,after,cold,1,12.017466624994995,0
helpdesk,after,cold,2,11.912802999999258,0
helpdesk,before,cold,2,12.355642791997525,0
helpdesk,before,cold,3,12.713731290990836,0
helpdesk,after,cold,3,12.403036707997671,0
helpdesk,before,edit,1,0.6561597090039868,0
helpdesk,after,edit,1,0.6556497499987017,0
helpdesk,after,edit,2,0.6022181669977726,0
helpdesk,before,edit,2,0.6056855829956476,0
helpdesk,before,edit,3,0.620632417005254,0
helpdesk,after,edit,3,0.5978165830019861,0
postgres,before,release-cold,1,13.786338709003758,0
postgres,after,release-cold,1,12.843009999996866,0
postgres,after,release-cold,2,12.285890708008083,0
postgres,before,release-cold,2,12.842685374998837,0
postgres,before,release-cold,3,12.87524900000426,0
postgres,after,release-cold,3,12.49606008300907,0
